{"chunk_definitions":[{"row":14,"row_count":1,"visible":true,"expansion_state":0,"options":{"engine":"r","label":"unnamed-chunk-3"},"document_id":"598C775F","chunk_id":"cl2nobaiwcy7z","chunk_label":"unnamed-chunk-1"},{"row":21,"row_count":1,"visible":true,"expansion_state":0,"options":{"engine":"r","label":"unnamed-chunk-4"},"document_id":"598C775F","chunk_id":"c1c3mom1ifne5","chunk_label":"unnamed-chunk-2"},{"row":62,"row_count":1,"visible":true,"expansion_state":0,"options":{"engine":"r","label":"unnamed-chunk-4"},"document_id":"598C775F","chunk_id":"c2umfzkp51gfr","chunk_label":"unnamed-chunk-5"},{"row":71,"row_count":1,"visible":true,"expansion_state":0,"options":{"engine":"r","label":"unnamed-chunk-2"},"document_id":"598C775F","chunk_id":"cptvvf4npy9ro","chunk_label":"unnamed-chunk-6"}],"doc_write_time":1687157351}