{"chunk_definitions":[{"row":21,"row_count":1,"visible":true,"expansion_state":0,"options":{"engine":"r","label":"unnamed-chunk-13"},"document_id":"1B725520","chunk_id":"cykoohqwpyzza","chunk_label":"unnamed-chunk-1"},{"row":34,"row_count":1,"visible":true,"expansion_state":0,"options":{"engine":"r","label":"unnamed-chunk-22"},"document_id":"AF531C72","chunk_id":"c7w4u7dswnlyb","chunk_label":"unnamed-chunk-2"},{"row":59,"row_count":1,"visible":true,"expansion_state":0,"options":{"engine":"r","label":"unnamed-chunk-9"},"document_id":"AF531C72","chunk_id":"ctajnbb4n2p9t","chunk_label":"unnamed-chunk-3"}],"doc_write_time":1686874490,"chunk_rendered_width":448}